data,name
CCACGGTGTCTAGAACCGGACGGATTCTTGGTGTTACGGTT,A
GCTGCTTAACTCGCCTAGCTCGGATAGACATGATTTTATCC,A
TGATTTTATCCTCTCTCGATCTGCTGGTGCAGGAAATACCT,A
TAAAATTCAAGAGTGCAAAACGACCATTCACAGAATTGGTG,A
GACCATTCACAGAATTGGTGCCCCTGCTCAAATGCCAATTT,A
TTGGTGCCCCTGCTCAAATGCCAATTTAAATGGATTTTATG,A
ATTTTATGAGACGAACAGAGCCTGCATTAGCTCTAGCAAAC,A
TAGCAAACAATACAGCTGTTCTAAAATCGCTATCTAAGTTA,A
TCTAAGTTAACACCTTAACACAGAGTAAGTGAAGAGATATA,A
GAGTAAGTGAAGAGATATATCCATATAGAGTCAGGCAAGAG,A
AAATTAAAGAAGCCAAGGAGCAAAAAGCGAAGCATTAGAAG,C
AAGAAGTGTTTTGGAGGCAGCATGCCCATTGAATACATAAC,C
TAAAAATAACTGGAAACATGCTTAGAGGCACCGGAAAGATT,C
AGGCACCGGAAAGATTCAGGCGACGTAAGCGACGTGGCTAC,C
CGACGTAAGCGACGTGGCTACTGAAGAGGCACTTCCCCTCG,C
CTACTGAAGAGGCACTTCCCCTCGAACAATCGTAAACGACA,C
TCCCCTCGAACAATCGTAAACGACAGTACGACGGGGAGCCA,C
AACGACAGTACGACGGGGAGCCAAGCCGCGAAGAGTAAAAG,C
AGGGACATGGCAAAGACAATCGGACGGACAGTACCCGGCGA,C
ACAATCGGACGGACAGTACCCGGCGATGTTGCGCGGAAGAT,C
ACGACATTAACTAACTTAACCATTTGCTTTCAAAACAAATC,D
TCAATTATATGTTTTAGAACCCAGGAGTGTAAAGATCATTC,D
CCAGGAGTGTAAAGATCATTCCAATGACAGGGAATTTGCAA,D
ACAGGGAATTTGCAAAACGGCACATTTCTTACAGAACAAAA,D
TTACAGAACAAAAAAATTTGCTCCGGATTTGTTTTCGTCTG,D
CAGGCCACAGCTTACATCAGCTACATCGAAGTAGTAAATCA,D
TACATCGAAGTAGTAAATCACTCTGATTCCTTTAAACATAT,D
TCTGATTCCTTTAAACATATCGACGTGGGCACGCCAATAGT,D
AACATATCGACGTGGGCACGCCAATAGTAGTTGAAAAATGA,D
GACGTTTTTATAGAATTTAACTTTTCCGATTGTGTAAAATT,D
GCTGATGGTTCATTAGACTTCAGCAAAGCCGATGCCAAAAT,E
AAAGCCGATGCCAAAATAAGCCAATACGATCTCAACGCTAT,E
CGATCTCAACGCTATTGAAGCGGCTTGCCAGCTAAAGCAAC,E
AAAGCAACAGGCAGCAGAGGCGCAGGTGACAGCCTTAAGTG,E
GTGACAGCCTTAAGTGTGGGCGGTAAAGCCCTGACCAACGC,E
CGGTAAAGCCCTGACCAACGCCAAAGGGCGTAAAGATGTGC,E
CCAAAGGGCGTAAAGATGTGCTATCGCGCGGCCCGGATGAA,E
TATCGCGCGGCCCGGATGAACTGATTGTGGTGATTGATGAC,E
TGATTGATGACCAGTTCGAGCAGGCACTGCCGCAACAAACG,E
GCAGGCACTGCCGCAACAAACGGCGAGCGCACTGGCTGCAG,E
TCAACCAGAATAATTCCCGCCTGAACAGAGGCAAAAATCGA,Gsub
GCCTGAACAGAGGCAAAAATCGAGTGCATGCGGATCTGGGC,Gsub
AAAATCGAGTGCATGCGGATCTGGGCCTCGCGCAGCACATC,Gsub
CGCGCAGCACATCCTCCATACGCTTGCGGTCGGTTATATCT,Gsub
GTCGGTTATATCTGCGTAGACGATAATGACACGGTCGATTT,Gsub
GTAGACGATAATGACACGGTCGATTTCCCCCCGCGCATTTT,Gsub
ACACGGTCGATTTCCCCCCGCGCATTTTTGATCGGTGCTGC,Gsub
TTGATCGGTGCTGCCATGGCCTGGTAATGCCGGTCCCCCAA,Gsub
TGGCCTGGTAATGCCGGTCCCCCAATACGGTATCGCCGCAT,Gsub
TCTTTCGCCGCGCCGCGAAACCATCACGTCATGAAAGATGC,Gsub
TCTGAAGGAGAGTAGATGAACCCTCACCTCTATCACACCCT,Gpick
AGATGAACCCTCACCTCTATCACACCCTCTACGGCCCCGAA,Gpick
ACCCTCTACGGCCCCGAAAGCCTCAACTTTAAGCTCTTCAT,Gpick
CCGAAAGCCTCAACTTTAAGCTCTTCATGGCGATCAACCAC,Gpick
CTCTTCATGGCGATCAACCACGCCCACCACCCGCTGCTGGA,Gpick
CTCGGCGGTTCGAAAATCGTCTACCTCTACGCGGCGATCCT,Gpick
GCTACGTGGGGCTCTTCTGTCTCGCCACGGTCCTCGGCCTC,Gpick
CTGAAAGGAATCGCCCAGGTCCCACGCCCGGGGCTCGCCAT,Gpick
TGGTCCTCGGCGAGGTGAAGCTTCGGAACTCGTTTCCGTCG,Gpick
GCTTCGGAACTCGTTTCCGTCGGGGCACGCGATCTTCGCCT,Gpick
